PFco_Code,segment,cluster_id,total_qty,total_value,total_total_values,transaction_count,avg_qty_per_trx,avg_value_per_trx,unique_months,avg_stok_akhir,avg_safety_stock,turnover_ratio,stockout_freq,overstock_freq,understock_freq
115,medium moving,0,3115.0,757350.0,665000833.5,6,519.17,126225.0,4,118.58,199.5,5.25,0.0,0.0,100.0
119,slow moving,2,317.01,111644.0,17713741.24,2,158.5,55822.0,2,56.2,41.97,0.71,0.0,0.0,0.0
123,slow moving,2,658.2,173052.0,29541823.2,4,164.55,43263.0,2,152.64,87.55,2.16,0.0,0.0,50.0
124,slow moving,2,2924.2,777366.0,319949436.0,9,324.91,86374.0,3,1399.55,270.99,0.7,0.0,66.67,0.0
125,slow moving,2,1479.86,368750.0,78907800.0,9,164.43,40972.22,5,154.62,71.24,0.96,0.0,0.0,0.0
126,slow moving,2,1076.9,273400.0,43976766.0,8,134.61,34175.0,5,144.4,56.89,0.83,0.0,0.0,11.11
127,slow moving,2,912.13,308844.0,133073309.38,4,228.03,77211.0,4,298.25,53.4,0.61,0.0,0.0,0.0
139,slow moving,2,15494.6,4723875.0,4084668516.5,21,737.84,224946.43,4,3423.86,949.55,1.13,0.0,0.0,0.0
145,medium moving,0,6857.55,1959275.0,1202542558.25,25,274.3,78371.0,9,166.76,239.44,1.29,31.25,0.0,50.0
146,slow moving,2,17220.16,4775600.0,2229199290.0,52,331.16,91838.46,12,729.02,292.24,0.55,6.98,9.3,55.81
148,slow moving,2,492.72,142900.0,5972309.0,19,25.93,7521.05,11,28.35,11.48,0.47,0.0,5.41,8.11
155,slow moving,2,48244.3,16761313.0,13985667021.76,137,352.15,122345.35,26,2489.83,634.76,0.46,0.0,26.19,4.76
158,fast moving,1,261372.29,71478850.0,46632806726.5,708,369.17,100958.83,43,13050.1,2001.96,0.47,0.0,88.37,0.0
160,slow moving,2,29555.24,8950000.0,5548859665.5,106,278.82,84433.96,31,1235.0,309.47,0.56,0.0,25.58,0.0
161,slow moving,2,4069.24,1077925.0,507340448.25,35,116.26,30797.86,16,176.4,88.9,0.56,7.32,7.32,17.07
164,medium moving,0,329.99,99840.0,6178814.4,6,55.0,16640.0,3,23.84,22.77,4.61,33.33,0.0,33.33
167,slow moving,2,2224.38,590160.0,96113734.8,18,123.58,32786.67,14,150.3,38.86,0.37,2.5,20.0,7.5
168,slow moving,2,579.34,145000.0,84004300.0,1,579.34,145000.0,1,461.69,136.62,1.25,0.0,0.0,0.0
172,slow moving,2,365.33,107240.0,28831919.2,2,182.66,53620.0,1,459.23,75.37,0.8,0.0,0.0,0.0
174,slow moving,2,22483.79,6536868.75,2278931058.79,89,252.63,73447.96,22,1250.39,263.31,0.75,4.17,33.33,8.33
175,medium moving,0,87049.17,24761326.0,12361384039.99,236,368.85,104920.87,40,1287.51,487.02,1.57,25.58,9.3,20.93
176,slow moving,2,121.94,35000.0,4267900.0,1,121.94,35000.0,1,59.81,31.65,2.04,0.0,0.0,0.0
177,slow moving,2,12528.68,3589774.0,578662779.04,124,101.04,28949.79,37,348.46,76.23,0.88,4.88,36.59,9.76
178,slow moving,2,304.57,67500.0,20558475.0,1,304.57,67500.0,1,483.57,62.81,0.63,0.0,100.0,0.0
179,fast moving,1,238533.49,59070275.0,27019366476.0,839,284.31,70405.57,43,18631.94,1487.84,0.3,0.0,86.05,0.0
181,medium moving,0,4112.44,956700.0,557720863.5,11,373.86,86972.73,7,148.18,169.19,0.99,25.0,0.0,14.29
183,medium moving,0,121.6,34500.0,4195200.0,1,121.6,34500.0,1,39.66,35.69,3.07,0.0,0.0,0.0
187,slow moving,2,44268.8,11874750.0,10335575803.0,81,546.53,146601.85,24,2572.02,597.46,0.43,0.0,35.0,0.0
188,slow moving,2,7368.54,1965950.0,421913118.5,46,160.19,42738.04,26,617.73,76.92,0.35,0.0,82.35,0.0
191,slow moving,2,501.66,134400.0,18235072.0,4,125.42,33600.0,2,248.38,69.2,1.01,0.0,0.0,0.0
193,medium moving,0,15449.46,4362610.0,819990511.6,129,119.76,33818.68,41,121.35,114.3,2.96,34.88,0.0,11.63
195,slow moving,2,8829.26,2417199.0,885137949.72,32,275.91,75537.47,3,1681.96,1002.19,1.75,0.0,0.0,0.0
197,slow moving,2,2452.35,723775.0,315479604.75,10,245.24,72377.5,6,234.28,110.19,0.5,0.0,0.0,0.0
198,slow moving,2,318.8,86475.0,6031684.5,10,31.88,8647.5,5,60.87,16.39,0.58,0.0,11.11,0.0
199,slow moving,2,6977.38,1929325.0,88173619.0,202,34.54,9551.11,40,758.69,38.87,0.21,0.0,97.67,0.0
200,medium moving,0,2202.68,588925.0,20304536.5,88,25.03,6692.33,26,43.09,27.48,1.76,37.93,3.45,17.24
201,slow moving,2,12801.11,3531200.0,269067721.5,216,59.26,16348.15,41,445.49,93.76,0.67,0.0,53.49,16.28
203,slow moving,2,508.24,129275.0,3232502.75,24,21.18,5386.46,9,29.88,17.99,1.0,11.76,0.0,5.88
204,slow moving,2,6040.53,1657350.0,66983689.5,200,30.2,8286.75,39,243.54,37.82,0.59,2.38,61.9,2.38
205,slow moving,2,30979.16,8636050.0,1423729621.0,310,99.93,27858.23,43,621.47,195.13,1.16,0.0,0.0,9.3
206,medium moving,0,5559.55,1537225.0,60501020.5,194,28.66,7923.84,39,55.47,42.76,2.33,16.28,0.0,25.58
208,slow moving,2,231.32,64800.0,8879760.0,2,115.66,32400.0,2,60.65,37.49,0.38,10.0,0.0,0.0
209,slow moving,2,644.66,212366.0,108826222.88,4,161.16,53091.5,4,204.58,41.52,0.21,0.0,40.0,0.0
211,medium moving,0,6809.46,1754300.0,324795453.0,55,123.81,31896.36,22,40.11,90.75,4.04,28.57,0.0,61.9
212,slow moving,2,285.05,66825.0,19048466.25,1,285.05,66825.0,1,212.01,65.57,1.34,0.0,0.0,0.0
214,medium moving,0,9356.25,2262030.0,1287375390.9,29,322.63,78001.03,12,203.25,199.34,1.77,26.92,0.0,19.23
215,slow moving,2,228.4,48000.0,5481600.0,2,114.2,24000.0,1,89.22,66.6,2.56,0.0,0.0,0.0
216,slow moving,2,12769.88,3119250.0,1727736165.0,36,354.72,86645.83,16,388.63,242.7,0.86,2.63,0.0,21.05
217,medium moving,0,17282.99,4342500.0,2931562230.0,35,493.8,124071.43,13,692.15,309.3,0.92,25.93,0.0,3.7
218,slow moving,2,24176.46,5934925.0,1639164586.88,130,185.97,45653.27,33,1302.91,150.81,0.43,0.0,67.44,0.0
222,slow moving,2,162.53,45100.0,7330103.0,1,162.53,45100.0,1,158.63,34.97,1.02,0.0,0.0,0.0
223,slow moving,2,45132.94,11792200.0,5232492050.4,158,285.65,74634.18,42,1128.93,343.59,0.93,4.65,20.93,2.33
224,slow moving,2,2384.68,717550.0,257615829.5,11,216.79,65231.82,7,241.47,69.92,0.9,9.09,0.0,0.0
226,slow moving,2,2046.25,515600.0,126564789.0,11,186.02,46872.73,7,192.19,73.6,0.43,0.0,4.0,8.0
228,slow moving,2,7083.12,1878920.0,250936294.6,63,112.43,29824.13,24,211.57,67.2,1.15,6.9,0.0,10.34
230,medium moving,0,6701.82,1797520.0,837529613.6,22,304.63,81705.45,12,210.19,166.69,0.78,21.95,0.0,26.83
232,slow moving,2,101112.61,26277930.0,10282838756.8,469,215.59,56029.7,43,3544.75,527.79,0.66,2.33,44.19,2.33
234,medium moving,0,68580.04,17283375.0,4454190068.75,427,160.61,40476.29,43,469.0,494.61,3.4,25.58,0.0,39.53
235,medium moving,0,6287.25,1595500.0,331094715.0,46,136.68,34684.78,24,131.36,66.49,1.29,18.92,0.0,2.7
236,slow moving,2,215.31,64400.0,6104228.0,3,71.77,21466.67,3,44.91,20.68,0.8,16.67,0.0,0.0
237,slow moving,2,36265.51,8936115.0,4992275289.15,84,431.73,106382.32,31,625.59,244.43,1.38,2.38,0.0,21.43
242,slow moving,2,1686.28,493815.0,141806779.65,9,187.36,54868.33,6,213.55,87.2,0.56,0.0,0.0,0.0
243,fast moving,1,221521.06,54404757.25,26156961814.22,811,273.15,67083.55,43,10690.75,1221.09,0.48,0.0,51.16,0.0
246,slow moving,2,620.8,181188.0,21322012.32,6,103.47,30198.0,3,94.01,63.9,0.26,4.0,0.0,28.0
247,slow moving,2,1243.7,350000.0,435295000.0,1,1243.7,350000.0,1,1059.41,329.06,1.17,0.0,0.0,0.0
248,slow moving,2,264.6,55000.0,5243700.0,3,88.2,18333.33,2,92.08,33.9,1.44,0.0,0.0,0.0
249,slow moving,2,154709.26,49961036.5,67052517305.05,149,1038.32,335308.97,42,4044.53,1109.99,0.89,2.33,16.28,4.65
250,medium moving,0,6589.01,1832014.0,358712680.58,51,129.2,35921.84,24,44.62,67.93,3.6,19.51,0.0,53.66
251,slow moving,2,3458.12,1030400.0,134674768.0,37,93.46,27848.65,20,55.78,57.14,1.48,7.14,0.0,59.52
252,slow moving,2,225.84,61856.0,13969559.04,1,225.84,61856.0,1,241.98,70.84,0.93,0.0,0.0,0.0
257,slow moving,2,6297.09,1614200.0,808439946.0,16,393.57,100887.5,7,581.26,303.09,0.35,12.9,0.0,0.0
258,slow moving,2,809.96,229115.0,32593261.05,16,50.62,14319.69,6,34.76,46.9,2.33,0.0,0.0,50.0
262,slow moving,2,28891.73,8655875.0,6660619976.75,44,656.63,196724.43,21,3470.29,398.53,0.2,0.0,90.24,0.0
269,fast moving,1,392570.09,103023680.0,78219142395.85,1015,386.77,101501.16,43,22818.84,2178.72,0.4,0.0,74.42,0.0
270,slow moving,2,793.54,207500.0,93172150.0,2,396.77,103750.0,2,126.13,138.12,0.21,0.0,0.0,76.67
271,slow moving,2,12490.12,3294450.0,660193101.0,84,148.69,39219.64,38,1023.22,71.28,0.29,0.0,92.86,0.0
274,slow moving,2,510.84,151356.0,40345226.64,2,255.42,75678.0,2,176.1,73.83,0.21,0.0,0.0,0.0
280,slow moving,2,372.7,129250.0,14055541.5,5,74.54,25850.0,4,53.81,20.97,0.63,0.0,9.09,0.0
281,slow moving,2,7448.7,2391875.0,580316013.0,55,135.43,43488.64,23,244.68,85.67,0.71,2.33,2.33,0.0
285,slow moving,2,39.4,15000.0,591000.0,1,39.4,15000.0,1,57.91,11.58,0.68,0.0,0.0,0.0
286,slow moving,2,18203.77,4624775.0,2920562108.5,39,466.76,118583.97,21,629.09,236.55,0.67,13.95,13.95,18.6
288,slow moving,2,21.88,5600.0,122528.0,1,21.88,5600.0,1,14.5,4.94,1.51,0.0,0.0,0.0
401,slow moving,2,2909.58,743940.0,54122324.4,49,59.38,15182.45,29,119.96,34.55,0.56,0.0,16.28,6.98
403,slow moving,2,6579.16,1809890.0,2326517852.1,21,313.29,86185.24,14,978.0,159.77,0.16,6.98,53.49,18.6
404,slow moving,2,16359.43,4536350.0,473135681.7,233,70.21,19469.31,42,586.21,87.65,0.65,0.0,39.53,0.0
405,slow moving,2,162.54,46020.0,1902123.0,6,27.09,7670.0,6,21.61,7.68,0.5,0.0,0.0,6.67
406,slow moving,2,3556.41,1021200.0,65047941.6,64,55.57,15956.25,31,106.68,25.64,0.79,9.52,26.19,4.76
416,slow moving,2,750.35,223368.0,36324227.4,5,150.07,44673.6,4,150.3,57.58,0.38,0.0,0.0,0.0
417,slow moving,2,30.1,9040.0,136584.0,2,15.05,4520.0,2,9.65,3.88,1.04,0.0,0.0,0.0
418,slow moving,2,2097.15,621090.0,102115218.0,36,58.25,17252.5,26,281.82,20.56,0.17,0.0,95.35,0.0
419,slow moving,2,5008.06,1410300.0,87347561.1,102,49.1,13826.47,37,347.13,35.75,0.34,0.0,88.37,0.0
420,slow moving,2,213.9,63450.0,8687790.0,2,106.95,31725.0,2,82.74,26.26,0.24,0.0,0.0,0.0
421,slow moving,2,7.6,2160.0,16416.0,1,7.6,2160.0,1,8.46,2.58,0.9,0.0,0.0,0.0
422,slow moving,2,60.9,13500.0,822150.0,1,60.9,13500.0,1,47.91,19.55,1.27,0.0,0.0,0.0
423,slow moving,2,8231.85,2042400.0,378322057.2,59,139.52,34616.95,30,552.16,56.43,0.37,2.5,52.5,0.0
424,slow moving,2,538.9,132150.0,17936040.0,5,107.78,26430.0,4,76.55,34.15,0.88,0.0,0.0,0.0
425,slow moving,2,60.0,13500.0,810000.0,1,60.0,13500.0,1,76.54,15.55,0.78,0.0,0.0,0.0
426,slow moving,2,241.1,63000.0,5442300.0,3,80.37,21000.0,3,62.25,20.69,0.48,12.5,0.0,0.0
428,slow moving,2,9305.37,2332968.0,694072294.38,57,163.25,40929.26,30,261.56,85.19,0.83,0.0,11.63,16.28
429,slow moving,2,181.8,51720.0,8041320.0,2,90.9,25860.0,2,60.75,29.26,0.15,0.0,0.0,0.0
432,medium moving,0,371.4,96000.0,9423840.0,4,92.85,24000.0,3,53.78,41.58,0.41,23.53,0.0,0.0
435,slow moving,2,210.2,60000.0,12612000.0,1,210.2,60000.0,1,227.9,46.47,0.92,0.0,0.0,0.0
436,slow moving,2,615.2,172530.0,23798124.0,5,123.04,34506.0,4,112.8,52.64,0.78,0.0,0.0,14.29
437,slow moving,2,5215.41,1335480.0,292004558.4,44,118.53,30351.82,27,246.93,39.54,0.49,9.3,34.88,23.26
438,medium moving,0,19151.53,4893688.0,1378632965.12,115,166.54,42553.81,26,334.06,178.94,1.37,14.29,0.0,16.67
439,slow moving,2,28899.44,7452190.0,2099465304.0,133,217.29,56031.5,37,547.25,230.09,1.23,11.63,0.0,11.63
444,slow moving,2,1193.5,268260.0,22818188.7,16,74.59,16766.25,11,78.8,35.34,0.5,0.0,10.0,13.33
445,slow moving,2,43983.77,8389500.0,4365553890.0,161,273.19,52108.7,39,2676.17,310.8,0.38,0.0,88.37,0.0
446,medium moving,0,4359.51,1109110.0,182494698.5,56,77.85,19805.54,31,66.5,46.7,1.52,20.93,2.33,13.95
447,medium moving,0,1521.5,347850.0,36394434.0,17,89.5,20461.76,15,31.23,32.37,1.19,26.83,0.0,51.22
448,slow moving,2,7581.84,1367280.0,239337507.0,63,120.35,21702.86,10,823.65,224.97,0.32,0.0,31.03,3.45
449,slow moving,2,230.49,33600.0,3128016.0,3,76.83,11200.0,2,57.3,28.47,2.01,0.0,0.0,0.0
450,slow moving,2,108.78,20400.0,2219112.0,1,108.78,20400.0,1,114.19,30.75,0.95,0.0,0.0,0.0
451,medium moving,0,33565.12,6543640.0,1877405647.2,251,133.73,26070.28,35,384.13,267.34,2.43,25.0,0.0,19.44
454,slow moving,2,32637.37,7792320.0,1599884103.3,325,100.42,23976.37,42,1947.71,230.79,0.39,0.0,74.42,0.0
455,slow moving,2,110.6,37500.0,3336000.0,2,55.3,18750.0,2,32.7,17.41,0.42,0.0,0.0,0.0
456,slow moving,2,14586.91,3537314.48,7823495721.79,18,810.38,196517.47,14,859.76,208.45,0.42,0.0,17.5,0.0
457,slow moving,2,120808.15,28215164.56,150896292985.11,104,1161.62,271299.66,37,3436.8,874.17,0.82,0.0,25.58,9.3
458,slow moving,2,60216.58,13896585.1,49595329441.72,43,1400.39,323176.4,27,2486.68,766.48,0.56,0.0,16.28,0.0
459,medium moving,0,53579.82,12498227.31,37914478223.04,31,1728.38,403168.62,20,2871.59,861.47,0.43,25.58,37.21,13.95
460,slow moving,2,17738.15,4311824.96,3415420839.22,93,190.73,46363.71,40,884.33,122.94,0.47,0.0,72.09,0.0
463,slow moving,2,356.8,80518.17,28728883.06,1,356.8,80518.17,1,402.76,100.91,0.89,0.0,0.0,0.0
464,slow moving,2,347.3,80518.17,27963960.44,1,347.3,80518.17,1,415.04,101.62,0.84,0.0,0.0,0.0
465,slow moving,2,358.2,81218.33,29092405.81,1,358.2,81218.33,1,351.9,93.73,1.02,0.0,0.0,0.0
466,slow moving,2,65.4,15480.0,829800.0,2,32.7,7740.0,2,18.0,9.21,0.13,0.0,0.0,10.34
468,slow moving,2,27478.54,6544722.28,1665930529.05,198,138.78,33054.15,42,884.14,220.23,0.74,0.0,45.24,4.76
469,slow moving,2,3671.06,900616.1,632553336.06,7,524.44,128659.44,6,418.37,214.0,0.3,0.0,6.9,17.24
470,slow moving,2,15203.22,3657086.9,8491210013.23,10,1520.32,365708.69,6,1714.42,734.13,0.31,3.45,0.0,10.34
471,slow moving,2,14674.78,3616300.7,9439934321.93,8,1834.35,452037.59,6,1255.72,557.51,0.4,0.0,0.0,0.0
472,slow moving,2,11530.79,2787322.91,4561248882.84,9,1281.2,309702.55,6,1092.72,622.68,0.36,0.0,0.0,3.45
473,slow moving,2,125.31,30090.0,1570190.7,3,41.77,10030.0,3,17.56,12.08,0.25,0.0,0.0,75.0
474,slow moving,2,99.64,26100.0,2600604.0,1,99.64,26100.0,1,127.12,25.81,0.78,0.0,0.0,0.0
475,slow moving,2,3070.85,833850.0,133020504.0,23,133.52,36254.35,18,57.51,40.03,1.53,8.57,0.0,40.0
477,slow moving,2,817.76,205200.0,64687096.0,3,272.59,68400.0,1,652.28,233.86,1.25,0.0,0.0,0.0
478,slow moving,2,2026.51,351720.0,195004364.4,5,405.3,70344.0,4,204.62,152.68,0.4,4.0,0.0,32.0
479,slow moving,2,7834.44,1718940.0,404922090.0,52,150.66,33056.54,20,1073.43,108.99,0.29,0.0,100.0,0.0
480,medium moving,0,13791.94,2614224.0,1579187801.58,43,320.74,60795.91,12,289.39,286.91,1.49,25.0,0.0,40.62
482,slow moving,2,279.6,58680.0,4271488.8,5,55.92,11736.0,4,47.87,23.35,0.83,0.0,0.0,0.0
484,slow moving,2,6079.59,1305960.0,266489982.0,54,112.58,24184.44,28,288.18,58.0,0.49,0.0,41.86,4.65
485,medium moving,0,3387.4,723600.0,177332430.0,16,211.71,45225.0,11,97.93,90.53,1.05,48.48,0.0,12.12
486,slow moving,2,1574.25,319800.0,342128705.1,4,393.56,79950.0,4,217.81,130.27,0.66,0.0,0.0,9.09
487,slow moving,2,330.0,66300.0,16118616.0,2,165.0,33150.0,2,93.31,43.59,0.71,0.0,0.0,0.0
488,slow moving,2,4254.56,876600.0,539383559.4,21,202.6,41742.86,13,352.14,110.19,0.37,6.06,27.27,3.03
489,medium moving,0,11066.77,2378880.0,698509774.8,63,175.66,37760.0,23,111.82,135.59,2.3,30.23,0.0,37.21
493,medium moving,0,44055.29,8547730.0,3251836498.5,213,206.83,40130.19,35,1295.67,303.38,0.94,19.44,38.89,27.78
495,medium moving,0,81930.12,17775480.0,8913809166.6,327,250.55,54359.27,43,1502.31,531.03,1.27,11.63,9.3,13.95
496,slow moving,2,794.21,171180.0,12004302.0,15,52.95,11412.0,10,33.61,24.2,0.81,3.45,0.0,27.59
497,slow moving,2,26264.48,5710150.0,2203021768.0,124,211.81,46049.6,37,1078.35,208.61,0.57,0.0,37.21,0.0
498,slow moving,2,2961.06,742500.0,288182250.0,9,329.01,82500.0,7,686.93,123.6,0.31,0.0,64.29,0.0
499,slow moving,2,424.3,150040.2,50862947.46,2,212.15,75020.1,1,356.42,102.23,1.19,0.0,0.0,0.0
502,slow moving,2,1649.2,619125.0,1021060950.0,1,1649.2,619125.0,1,1402.28,558.46,1.18,0.0,0.0,0.0
503,slow moving,2,72.95,34680.0,536520.0,8,9.12,4335.0,5,16.39,4.94,0.89,0.0,0.0,0.0
504,slow moving,2,451.82,170670.0,11904155.4,18,25.1,9481.67,14,13.18,10.11,1.04,6.06,0.0,63.64
505,slow moving,2,36.55,14280.0,226750.5,3,12.18,4760.0,3,6.72,3.07,0.27,0.0,10.0,55.0
506,slow moving,2,60.58,19950.0,1002165.0,2,30.29,9975.0,2,11.47,8.88,0.15,0.0,0.0,48.57
507,slow moving,2,1372.46,475860.0,34796442.0,28,49.02,16995.0,17,52.89,19.35,0.68,7.89,0.0,7.89
508,slow moving,2,6718.32,2123941.2,266456632.19,238,28.23,8924.12,42,342.1,54.01,0.46,0.0,58.14,2.33
509,slow moving,2,55.3,16200.0,895860.0,1,55.3,16200.0,1,83.77,11.41,0.66,0.0,100.0,0.0
510,slow moving,2,2263.11,732885.0,76429746.0,26,87.04,28187.88,20,152.2,35.19,0.38,0.0,46.15,0.0
514,slow moving,2,162.35,45900.0,3766299.0,2,81.18,22950.0,2,79.28,17.94,1.02,0.0,0.0,0.0
515,slow moving,2,720.45,235200.0,30955530.0,11,65.5,21381.82,11,45.82,22.05,0.42,0.0,2.7,5.41
518,medium moving,0,1874.04,457920.0,97022664.0,11,170.37,41629.09,8,65.03,73.03,2.4,50.0,0.0,25.0
519,slow moving,2,115.28,28000.0,3227840.0,1,115.28,28000.0,1,114.47,32.83,1.01,0.0,0.0,0.0
521,slow moving,2,7920.17,1961160.0,1221635727.15,18,440.01,108953.33,13,432.07,145.33,0.76,0.0,0.0,4.17
524,slow moving,2,154.9,34020.0,5269698.0,1,154.9,34020.0,1,225.49,51.58,0.69,0.0,0.0,0.0
529,slow moving,2,51370.14,12914360.0,10701160323.0,78,658.59,165568.72,14,2347.57,1230.87,1.56,7.14,7.14,21.43
530,slow moving,2,20230.25,5286500.0,5222913740.0,35,578.01,151042.86,12,1415.54,422.38,0.79,0.0,11.11,0.0
531,slow moving,2,6149.83,1557160.0,977943819.0,13,473.06,119781.54,9,796.85,210.65,0.3,0.0,23.08,0.0
532,medium moving,0,931.96,290700.0,55040958.0,6,155.33,48450.0,5,44.63,58.22,1.16,33.33,0.0,38.89
533,slow moving,2,109.4,26910.0,2943954.0,1,109.4,26910.0,1,105.68,27.18,1.04,0.0,0.0,0.0
535,slow moving,2,7911.08,1744042.5,2802964444.88,8,988.88,218005.31,6,739.74,436.82,0.49,4.55,0.0,4.55
536,slow moving,2,7431.74,1857600.0,1243263339.0,14,530.84,132685.71,7,940.21,310.02,1.13,0.0,0.0,0.0
537,slow moving,2,1277.18,335000.0,98749400.0,8,159.65,41875.0,4,81.56,70.47,1.12,0.0,0.0,42.86
538,slow moving,2,1374.19,356670.0,52545321.45,14,98.16,25476.43,6,152.47,66.19,0.27,0.0,3.03,9.09
539,slow moving,2,43202.69,12817560.0,3625944897.0,201,214.94,63768.96,42,1023.0,256.6,0.98,2.33,18.6,2.33
540,fast moving,1,327547.36,85977028.9,51935892890.86,847,386.71,101507.71,43,16189.8,1686.62,0.47,0.0,97.67,0.0
542,slow moving,2,280.5,64800.0,3635280.0,5,56.1,12960.0,5,41.83,16.38,1.12,0.0,0.0,16.67
544,slow moving,2,50545.47,12551730.0,13950961252.85,74,683.05,169617.97,19,2739.1,575.84,0.53,2.86,20.0,5.71
545,medium moving,0,6313.8,1626975.0,1907344161.0,9,701.53,180775.0,6,210.46,218.61,4.29,28.57,0.0,42.86
547,slow moving,2,585.49,137330.0,51227519.7,3,195.16,45776.67,3,75.33,57.04,0.25,3.23,0.0,61.29
549,slow moving,2,1435.17,370575.0,255072138.75,3,478.39,123525.0,2,350.39,175.71,0.19,0.0,0.0,4.55
551,slow moving,2,1132.09,295920.0,138540412.8,3,377.36,98640.0,2,254.24,156.74,2.23,0.0,0.0,0.0
553,medium moving,0,10033.85,2817540.0,704975279.4,47,213.49,59947.66,29,226.75,70.42,1.03,16.28,9.3,6.98
555,slow moving,2,10227.45,2760000.0,371978428.8,108,94.7,25555.56,34,397.29,105.2,0.6,0.0,39.53,0.0
559,slow moving,2,4269.77,1120050.0,218764836.0,33,129.39,33940.91,24,285.98,40.72,0.37,0.0,57.5,0.0
565,slow moving,2,15517.44,4530750.0,735904350.0,97,159.97,46708.76,26,481.54,134.6,0.79,2.44,2.44,14.63
566,slow moving,2,5534.49,1403835.0,453943495.2,23,240.63,61036.3,15,164.92,96.85,0.91,0.0,5.41,35.14
567,slow moving,2,2514.92,623880.0,288816634.8,8,314.36,77985.0,7,227.83,122.25,0.27,0.0,2.44,4.88
568,slow moving,2,75526.96,19113079.0,18363176737.19,94,803.48,203330.63,34,2952.21,538.25,0.59,0.0,39.53,0.0
569,slow moving,2,12851.58,3074220.0,1951314030.0,28,458.98,109793.57,15,1092.93,259.74,0.29,0.0,35.0,0.0
572,slow moving,2,2656.13,729000.0,193023684.0,11,241.47,66272.73,10,290.49,72.65,0.37,0.0,8.0,0.0
573,slow moving,2,1869.55,291600.0,178304814.0,4,467.39,72900.0,1,1901.98,383.65,0.98,0.0,0.0,0.0
574,slow moving,2,10183.81,3172560.0,445360941.6,88,115.73,36051.82,38,642.08,92.31,0.39,0.0,78.05,0.0
575,slow moving,2,349.91,102720.0,10033543.2,5,69.98,20544.0,4,44.21,17.95,0.49,0.0,0.0,25.0
578,slow moving,2,78012.62,21963270.0,8901751377.6,399,195.52,55045.79,43,2878.66,495.36,0.63,4.65,60.47,9.3
579,slow moving,2,294.4,72900.0,21461760.0,1,294.4,72900.0,1,335.32,90.02,0.88,0.0,0.0,0.0
580,slow moving,2,4947.22,1164160.0,475383737.8,32,154.6,36380.0,20,260.78,60.19,0.54,11.43,17.14,5.71
582,slow moving,2,231.59,70494.0,16325705.46,1,231.59,70494.0,1,321.12,80.9,0.72,0.0,0.0,0.0
584,slow moving,2,1827.63,557100.0,86867091.0,15,121.84,37140.0,11,119.46,53.84,0.57,3.7,25.93,51.85
585,slow moving,2,1312.79,434550.0,29832967.5,28,46.89,15519.64,13,94.83,22.51,0.53,0.0,3.85,0.0
587,slow moving,2,36.17,7560.0,273445.2,1,36.17,7560.0,1,38.9,7.41,0.93,0.0,0.0,0.0
588,slow moving,2,7573.23,1599450.0,820053586.5,24,315.55,66643.75,11,204.81,219.19,1.23,0.0,0.0,83.33
589,medium moving,0,787.1,164160.0,29112288.0,6,131.18,27360.0,4,31.25,51.32,3.6,28.57,0.0,57.14
590,slow moving,2,5202.69,1085250.0,428350462.2,20,260.13,54262.5,9,290.63,156.23,0.6,3.33,0.0,20.0
591,medium moving,0,2059.59,438000.0,126678038.4,11,187.24,39818.18,5,47.29,91.08,1.45,23.33,0.0,70.0
592,slow moving,2,342.6,71400.0,7206360.0,4,85.65,17850.0,3,116.17,36.93,0.42,0.0,0.0,0.0
593,slow moving,2,2368.72,488280.0,150142203.6,12,197.39,40690.0,8,220.86,88.03,0.34,0.0,3.12,3.12
594,slow moving,2,12456.11,2799765.0,1397847053.1,54,230.67,51847.5,18,1531.67,241.31,0.25,0.0,75.0,0.0
596,slow moving,2,2962.44,901144.64,74592090.47,49,60.46,18390.71,30,82.61,24.76,0.83,2.33,6.98,2.33
597,slow moving,2,167.52,54750.0,5378880.0,3,55.84,18250.0,3,18.84,14.42,0.52,0.0,0.0,35.29
599,medium moving,0,2166.66,711645.0,60927262.5,30,72.22,23721.5,13,40.53,39.61,1.24,41.86,0.0,16.28
600,slow moving,2,39376.02,11783940.0,3453864074.1,283,139.14,41639.36,43,1495.05,263.23,0.61,0.0,39.53,0.0
602,medium moving,0,8271.53,2445420.0,391929606.45,77,107.42,31758.7,31,83.04,79.03,2.49,20.0,5.0,47.5
606,slow moving,2,47.9,14400.0,689760.0,1,47.9,14400.0,1,86.48,9.68,0.55,0.0,100.0,0.0
608,slow moving,2,32732.92,9946865.0,2582668454.1,274,119.46,36302.43,43,558.94,178.67,1.36,6.98,13.95,16.28
611,slow moving,2,3394.62,1033200.0,741435102.0,9,377.18,114800.0,5,488.07,217.01,0.27,0.0,0.0,7.69
612,slow moving,2,25226.81,8085880.0,4532108247.0,90,280.3,89843.11,42,1692.39,123.0,0.35,0.0,90.7,0.0
613,slow moving,2,115.18,37020.0,2333631.0,2,57.59,18510.0,1,113.37,36.01,1.02,0.0,0.0,0.0
614,slow moving,2,121.12,36960.0,2161090.8,3,40.37,12320.0,3,53.31,12.11,0.57,0.0,25.0,0.0
616,slow moving,2,1362.92,384570.0,226947586.5,5,272.58,76914.0,5,135.54,81.71,0.37,3.7,0.0,7.41
618,slow moving,2,1897.64,578700.0,549184572.0,2,948.82,289350.0,2,268.71,228.66,0.2,0.0,0.0,41.67
619,medium moving,0,4137.15,1228725.0,643446409.5,25,165.49,49149.0,18,64.77,78.17,1.64,33.33,0.0,33.33
620,slow moving,2,1300.0,438150.0,550535700.0,2,650.0,219075.0,2,329.57,168.17,0.16,0.0,0.0,28.0
621,slow moving,2,3709.2,1122630.0,126264712.5,47,78.92,23885.74,26,258.71,40.77,0.34,0.0,71.43,0.0
623,slow moving,2,142.38,45600.0,1805277.0,5,28.48,9120.0,5,16.88,8.39,0.28,0.0,0.0,16.67
624,slow moving,2,1267.72,342090.0,87925182.6,12,105.64,28507.5,9,39.77,41.46,0.94,8.82,0.0,47.06
626,slow moving,2,906.56,289250.0,14753835.0,20,45.33,14462.5,19,44.6,9.96,0.55,10.81,8.11,8.11
630,slow moving,2,21221.84,5581169.4,15931986218.3,50,424.44,111623.39,22,443.26,335.96,1.11,2.33,2.33,44.19
632,slow moving,2,309.65,110719.0,11258605.6,4,77.41,27679.75,3,87.53,25.67,0.15,0.0,13.04,4.35
633,slow moving,2,456.2,151200.0,68977440.0,1,456.2,151200.0,1,502.74,141.42,0.91,0.0,0.0,0.0
634,slow moving,2,596.0,199800.0,119080800.0,1,596.0,199800.0,1,645.19,173.39,0.92,0.0,0.0,0.0
635,slow moving,2,882.98,307846.9,34976994.38,12,73.58,25653.91,7,315.25,26.67,0.2,0.0,85.71,0.0
636,slow moving,2,248.65,71760.0,4476124.5,6,41.44,11960.0,5,41.39,14.53,0.18,0.0,14.71,0.0
637,slow moving,2,91.25,31500.0,1485525.0,3,30.42,10500.0,2,21.86,12.05,0.1,2.44,0.0,12.2
639,slow moving,2,47922.45,14939235.0,2467273788.7,447,107.21,33421.11,43,3000.46,285.75,0.37,0.0,79.07,0.0
640,slow moving,2,500.26,158400.0,6147970.5,19,26.33,8336.84,14,28.8,9.67,0.43,5.0,12.5,10.0
641,slow moving,2,1080.75,326508.0,35133198.0,19,56.88,17184.63,15,45.21,24.5,0.58,2.44,0.0,46.34
642,slow moving,2,638.47,180930.0,22526280.6,9,70.94,20103.33,8,27.28,24.63,0.78,10.0,0.0,50.0
643,slow moving,2,213.0,52552.0,7197304.0,4,53.25,13138.0,4,20.65,13.55,0.26,0.0,2.56,38.46
647,slow moving,2,6311.7,1785397.0,764841451.2,41,153.94,43546.27,23,185.01,92.68,0.95,8.33,0.0,5.56
648,slow moving,2,2432.5,780300.0,739336070.0,7,347.5,111471.43,7,94.43,93.72,0.63,2.44,0.0,56.1
649,slow moving,2,30.3,8550.0,259065.0,1,30.3,8550.0,1,20.87,10.42,1.45,0.0,0.0,0.0
651,medium moving,0,35403.3,10854610.0,1517108523.7,342,103.52,31738.63,43,385.72,175.59,2.13,23.26,0.0,18.6
653,slow moving,2,686.73,204300.0,27047911.5,9,76.3,22700.0,7,193.58,31.34,0.2,0.0,83.33,0.0
658,slow moving,2,2219.69,710400.0,493441200.0,5,443.94,142080.0,4,174.0,166.63,0.33,0.0,0.0,51.28
661,slow moving,2,28097.43,8565366.0,3148631695.29,137,205.09,62520.92,40,1876.5,185.72,0.35,0.0,93.02,0.0
662,slow moving,2,15770.62,4645155.0,865279732.8,99,159.3,46920.76,35,1136.13,102.49,0.32,0.0,74.42,0.0
663,slow moving,2,148.94,42180.0,3526909.2,2,74.47,21090.0,2,39.92,16.14,0.25,0.0,0.0,0.0
664,slow moving,2,3334.06,1015828.8,158982966.9,37,90.11,27454.83,24,302.02,42.93,0.32,0.0,79.41,0.0
665,medium moving,0,630.45,196200.0,16821666.0,8,78.81,24525.0,5,96.44,31.17,1.09,16.67,0.0,0.0
666,slow moving,2,408.34,125970.0,7263693.0,8,51.04,15746.25,8,27.08,13.34,0.63,0.0,0.0,20.83
668,slow moving,2,288.9,78750.0,22750875.0,1,288.9,78750.0,1,248.72,91.57,1.16,0.0,0.0,0.0
669,slow moving,2,10225.56,3094927.5,1906501189.95,98,104.34,31580.89,41,444.28,53.78,0.54,0.0,60.47,0.0
671,slow moving,2,13691.15,4053810.36,4085796825.32,38,360.29,106679.22,24,483.76,162.73,0.76,0.0,5.41,5.41
673,slow moving,2,711.76,183600.0,21779856.0,6,118.63,30600.0,3,74.5,59.18,1.59,0.0,0.0,16.67
674,slow moving,2,1083.3,281700.0,67087350.0,7,154.76,40242.86,3,217.34,82.45,0.18,0.0,0.0,3.57
675,slow moving,2,2402.91,695520.0,712373013.6,6,400.48,115920.0,6,95.64,95.76,0.68,0.0,0.0,64.86
676,slow moving,2,272.96,87596.0,10894656.0,3,90.99,29198.67,3,49.49,30.7,0.26,4.76,0.0,28.57
677,slow moving,2,581.7,178650.0,14733990.0,8,72.71,22331.25,7,54.54,27.72,0.29,5.41,8.11,32.43
679,slow moving,2,35700.85,11520127.0,4429875209.4,162,220.38,71111.9,40,1520.87,240.53,0.55,11.63,53.49,11.63
681,slow moving,2,48.0,16200.0,777600.0,1,48.0,16200.0,1,40.64,12.48,1.18,0.0,0.0,0.0
682,slow moving,2,2258.68,622320.0,64685153.1,33,68.44,18858.18,18,57.34,34.7,1.23,9.38,0.0,40.62
683,slow moving,2,12002.47,3556170.0,678554610.3,196,61.24,18143.72,42,1414.98,73.36,0.2,0.0,88.37,0.0
684,slow moving,2,7935.74,2064270.0,321974338.8,83,95.61,24870.72,30,338.41,89.46,0.56,9.52,45.24,7.14
685,slow moving,2,213.55,63000.0,3414222.0,4,53.39,15750.0,4,36.65,14.68,0.97,0.0,0.0,0.0
686,medium moving,0,4640.41,1387828.0,173542042.94,56,82.86,24782.64,30,75.02,52.39,1.47,16.67,4.76,47.62
689,slow moving,2,6117.61,1879015.0,932490092.25,53,115.43,35453.11,29,436.4,71.5,0.39,0.0,88.89,2.78
690,slow moving,2,2218.8,645355.0,249128422.76,9,246.53,71706.11,8,141.82,84.15,0.38,2.44,0.0,21.95
691,medium moving,0,15941.18,4855420.0,1932727726.1,110,144.92,44140.18,37,168.08,131.17,2.21,13.95,0.0,25.58
692,slow moving,2,29157.08,9888431.6,4186987524.5,117,249.21,84516.51,40,735.75,253.21,0.92,2.33,20.93,11.63
694,slow moving,2,70.6,21000.0,1482600.0,1,70.6,21000.0,1,68.25,21.25,1.03,0.0,0.0,0.0
695,slow moving,2,174.67,49173.0,4344040.5,3,58.22,16391.0,1,177.42,35.51,0.98,0.0,0.0,0.0
696,slow moving,2,450.6,133800.0,29285730.0,4,112.65,33450.0,3,189.82,38.73,0.47,0.0,20.0,0.0
706,slow moving,2,24267.91,10154100.0,827805942.8,411,59.05,24705.84,43,494.99,129.44,1.14,4.65,23.26,20.93
707,slow moving,2,2047.71,886560.0,60078768.9,46,44.52,19273.04,35,111.6,12.06,0.43,9.3,48.84,0.0
708,slow moving,2,19187.94,6374940.0,1492783192.5,187,102.61,34090.59,42,696.41,125.69,0.64,0.0,55.81,6.98
709,slow moving,2,6327.44,2376930.0,296687400.3,68,93.05,34954.85,30,270.15,44.19,0.62,0.0,31.58,0.0
710,slow moving,2,437.56,157050.0,6894133.5,12,36.46,13087.5,9,35.11,13.35,0.5,0.0,24.0,52.0
711,slow moving,2,1145.93,428550.0,68537686.5,15,76.4,28570.0,13,32.51,18.47,1.36,7.69,0.0,7.69
712,slow moving,2,59.9,14850.0,437640.0,3,19.97,4950.0,2,46.94,6.42,0.64,0.0,50.0,0.0
720,slow moving,2,17796.81,4357249.8,792651998.28,261,68.19,16694.44,43,2158.37,142.23,0.19,0.0,97.67,0.0
1101,slow moving,2,1025.4,245442.0,84492034.8,3,341.8,81814.0,1,1192.82,306.56,0.86,0.0,0.0,0.0
1102,slow moving,2,476.4,176640.91,84151729.52,1,476.4,176640.91,1,673.91,96.25,0.71,0.0,0.0,0.0
1103,slow moving,2,476.5,176704.37,84199632.31,1,476.5,176704.37,1,630.31,149.74,0.76,0.0,0.0,0.0
1104,slow moving,2,487.6,180861.0,88187823.6,1,487.6,180861.0,1,669.61,164.97,0.73,0.0,0.0,0.0
1105,slow moving,2,475.5,176323.61,83841876.56,1,475.5,176323.61,1,593.78,107.65,0.8,0.0,0.0,0.0
1106,slow moving,2,349.29,101876.0,9202327.6,4,87.32,25469.0,3,58.45,37.51,0.75,0.0,0.0,25.0
1108,slow moving,2,139.0,29127.0,2113240.5,2,69.5,14563.5,1,211.17,39.44,0.66,0.0,100.0,0.0
1109,slow moving,2,1.0,360.0,360.0,1,1.0,360.0,1,1.6,0.24,0.62,0.0,100.0,0.0
1110,slow moving,2,2.0,590.0,1180.0,1,2.0,590.0,1,1.08,0.41,1.85,0.0,0.0,0.0
1111,slow moving,2,1.0,500.0,500.0,1,1.0,500.0,1,1.06,0.3,0.94,0.0,0.0,0.0
1112,slow moving,2,156.02,47190.0,3895214.2,3,52.01,15730.0,3,52.3,10.99,0.09,0.0,21.21,0.0
1113,slow moving,2,892.99,248512.5,38738770.2,7,127.57,35501.79,5,116.39,52.9,0.19,2.44,9.76,12.2
1117,slow moving,2,3.57,1060.0,3784.2,1,3.57,1060.0,1,5.12,0.8,0.7,0.0,0.0,0.0
1201,medium moving,0,1162.0,347960.0,86791620.0,6,193.67,57993.33,4,79.25,86.1,0.81,50.0,0.0,0.0
1206,slow moving,2,828.9,259014.0,49725816.0,6,138.15,43169.0,6,144.82,39.29,0.2,0.0,17.24,0.0
1212,slow moving,2,233.0,61880.0,7465640.0,2,116.5,30940.0,2,53.21,31.18,0.19,0.0,0.0,17.39
1215,slow moving,2,2969.55,819000.0,810687150.0,3,989.85,273000.0,3,507.27,238.98,0.33,0.0,0.0,0.0
1216,slow moving,2,42.9,10400.0,446160.0,1,42.9,10400.0,1,73.95,13.07,0.58,0.0,100.0,0.0
1220,slow moving,2,210.0,54600.0,11466000.0,1,210.0,54600.0,1,258.68,58.13,0.81,0.0,0.0,0.0
1227,slow moving,2,57.0,13500.0,569250.0,2,28.5,6750.0,1,28.63,15.68,1.99,0.0,0.0,0.0
1229,slow moving,2,89.0,19712.32,1754396.48,1,89.0,19712.32,1,105.85,18.52,0.84,0.0,0.0,0.0
1231,slow moving,2,91.0,21984.0,2000544.0,1,91.0,21984.0,1,169.14,22.33,0.54,0.0,100.0,0.0
1233,slow moving,2,245.0,58956.0,14444220.0,1,245.0,58956.0,1,276.75,79.81,0.89,0.0,0.0,0.0
1234,slow moving,2,2850.15,733753.44,177043379.0,15,190.01,48916.9,9,117.52,98.33,0.62,12.82,0.0,38.46
1237,slow moving,2,55.0,14910.0,552090.0,2,27.5,7455.0,2,30.42,9.13,0.45,0.0,0.0,0.0
1238,slow moving,2,9941.15,2691404.86,1273830882.71,39,254.9,69010.38,25,652.46,95.08,0.35,0.0,65.12,0.0
1240,medium moving,0,3055.9,768306.0,381656436.0,11,277.81,69846.0,8,83.3,84.03,0.87,21.43,0.0,26.19
1242,slow moving,2,390.95,97812.0,38239601.4,1,390.95,97812.0,1,467.04,132.71,0.84,0.0,0.0,0.0
1243,slow moving,2,1099.05,276333.75,303704607.94,1,1099.05,276333.75,1,1579.08,252.69,0.7,0.0,0.0,0.0
1244,slow moving,2,239.95,61380.0,14728131.0,1,239.95,61380.0,1,413.86,49.93,0.58,0.0,100.0,0.0
1304,slow moving,2,259.0,61281.6,5863672.8,3,86.33,20427.2,3,64.64,27.3,0.2,0.0,5.0,5.0
1305,slow moving,2,288.0,66880.0,8622760.0,3,96.0,22293.33,3,46.81,22.02,0.34,0.0,0.0,16.67
1306,slow moving,2,259.0,61281.6,5863672.8,3,86.33,20427.2,3,60.15,28.97,0.22,0.0,0.0,5.0
1307,slow moving,2,194.0,42682.5,5016847.5,2,97.0,21341.25,2,121.6,30.67,0.8,0.0,0.0,0.0
1308,slow moving,2,288.0,66880.0,8622760.0,3,96.0,22293.33,3,63.3,29.89,0.25,0.0,0.0,0.0
1309,slow moving,2,224.0,57600.0,6057378.0,3,74.67,19200.0,3,25.87,15.75,0.58,0.0,0.0,13.33
1310,slow moving,2,499.0,115573.5,12713179.5,5,99.8,23114.7,3,51.97,33.27,0.42,0.0,0.0,13.04
1311,slow moving,2,224.0,57600.0,6057378.0,3,74.67,19200.0,3,44.3,25.18,0.34,0.0,0.0,13.33
1312,slow moving,2,542.2,129426.51,14432938.71,8,67.78,16178.31,5,80.84,29.59,0.56,0.0,0.0,0.0
1313,slow moving,2,56.0,13122.0,734832.0,1,56.0,13122.0,1,61.11,16.12,0.92,0.0,0.0,0.0
1315,slow moving,2,3136.7,669750.0,484460973.0,5,627.34,133950.0,4,462.91,210.94,0.48,0.0,0.0,0.0
1317,slow moving,2,2.5,600.0,1500.0,1,2.5,600.0,1,1.74,0.82,1.44,0.0,0.0,0.0
1320,slow moving,2,54.0,13500.0,729000.0,1,54.0,13500.0,1,57.82,16.62,0.93,0.0,0.0,0.0
1321,slow moving,2,2015.85,437820.0,96310727.25,25,80.63,17512.8,18,158.47,23.78,0.3,4.65,39.53,0.0
1322,slow moving,2,2285.65,496920.0,175662930.0,7,326.52,70988.57,4,809.23,118.96,0.56,0.0,40.0,0.0
1323,slow moving,2,918.0,193725.0,177839550.0,1,918.0,193725.0,1,1410.7,296.16,0.65,0.0,100.0,0.0
1324,slow moving,2,773.5,171972.6,37506336.0,9,85.94,19108.07,7,15.56,35.12,1.16,4.65,0.0,95.35
1325,slow moving,2,56.4,24175.2,1077249.6,2,28.2,12087.6,2,12.9,7.49,0.12,0.0,0.0,15.79
1326,slow moving,2,1197.0,266040.0,44569500.0,10,119.7,26604.0,8,64.37,46.5,0.44,2.38,0.0,59.52
1328,slow moving,2,10449.2,2219581.8,1713020085.24,19,549.96,116820.09,11,285.12,320.54,1.22,10.0,6.67,73.33
1329,slow moving,2,1197.0,266040.0,44569500.0,10,119.7,26604.0,8,27.77,44.88,1.03,0.0,0.0,88.1
1330,slow moving,2,2288.8,481211.09,206234219.74,38,60.23,12663.45,25,40.89,30.84,1.3,4.65,0.0,30.23
1331,slow moving,2,10449.2,2219581.8,1713020085.24,19,549.96,116820.09,11,1046.98,196.1,0.33,3.33,30.0,3.33
1332,slow moving,2,134.0,26880.0,3601920.0,1,134.0,26880.0,1,244.68,40.56,0.55,0.0,100.0,0.0
1333,medium moving,0,1642.63,390746.8,34511706.91,28,58.67,13955.24,19,31.34,28.05,1.38,13.16,0.0,52.63
1334,slow moving,2,34.0,7560.0,257040.0,1,34.0,7560.0,1,35.02,8.21,0.97,0.0,0.0,0.0
1335,slow moving,2,2289.9,538001.5,120220655.0,16,143.12,33625.09,13,69.92,35.4,0.86,2.63,0.0,44.74
1336,slow moving,2,1642.63,390746.8,34511706.91,28,58.67,13955.24,19,82.88,21.95,0.52,0.0,28.95,10.53
1337,slow moving,2,171.0,28047.6,2335359.6,2,85.5,14023.8,2,36.28,18.31,0.13,0.0,0.0,22.22
1338,slow moving,2,22.2,5304.0,117748.8,1,22.2,5304.0,1,22.05,7.73,1.01,0.0,0.0,0.0
1340,slow moving,2,51.0,11970.0,610470.0,1,51.0,11970.0,1,57.46,10.63,0.89,0.0,0.0,0.0
1341,slow moving,2,50.0,13780.8,689040.0,1,50.0,13780.8,1,26.46,14.17,1.89,0.0,0.0,0.0
1342,slow moving,2,1175.0,290700.0,341572500.0,1,1175.0,290700.0,1,1302.16,260.63,0.9,0.0,0.0,0.0
1343,slow moving,2,125.0,35600.4,4450050.0,1,125.0,35600.4,1,139.12,36.83,0.9,0.0,0.0,0.0
1345,slow moving,2,169.0,38175.0,4937025.0,2,84.5,19087.5,2,138.77,26.28,0.15,0.0,62.5,0.0
1347,slow moving,2,179.25,41400.0,7420950.0,1,179.25,41400.0,1,198.39,43.56,0.9,0.0,0.0,0.0
1348,medium moving,0,179.25,41400.0,7420950.0,1,179.25,41400.0,1,41.16,36.24,4.35,0.0,0.0,0.0
1349,slow moving,2,614.0,133822.5,27569167.5,4,153.5,33455.62,4,23.42,53.58,0.85,6.45,0.0,87.1
1353,slow moving,2,279.0,62023.53,8454217.65,3,93.0,20674.51,3,96.91,26.65,0.58,0.0,0.0,0.0
1354,slow moving,2,1703.2,373457.0,116235871.0,14,121.66,26675.5,13,242.84,33.67,0.18,0.0,61.54,0.0
1355,slow moving,2,265.0,60187.5,15949687.5,1,265.0,60187.5,1,350.35,79.55,0.76,0.0,0.0,0.0
1356,slow moving,2,683.0,160947.0,31005255.0,7,97.57,22992.43,5,124.0,39.08,0.19,0.0,10.34,0.0
1357,slow moving,2,324.0,70560.0,22861440.0,1,324.0,70560.0,1,294.11,76.58,1.1,0.0,0.0,0.0
1359,slow moving,2,52.5,12750.0,370125.0,2,26.25,6375.0,2,16.0,9.14,0.55,0.0,0.0,0.0
1361,slow moving,2,507.9,103320.0,28013580.0,2,253.95,51660.0,2,172.78,66.11,0.49,0.0,0.0,0.0
1362,slow moving,2,47.0,11340.0,532980.0,1,47.0,11340.0,1,64.09,12.76,0.73,0.0,0.0,0.0
1363,slow moving,2,319.35,65731.0,13614060.0,3,106.45,21910.33,3,38.39,37.15,0.23,0.0,0.0,61.11
1364,slow moving,2,1461.55,343581.12,53648701.31,24,60.9,14315.88,18,58.85,26.71,0.64,0.0,2.56,12.82
1366,slow moving,2,847.0,197100.0,33582300.0,5,169.4,39420.0,5,51.16,37.31,0.5,3.03,0.0,45.45
1370,slow moving,2,211.1,54523.64,4684671.98,4,52.78,13630.91,4,33.31,10.86,0.24,0.0,3.85,0.0
1371,slow moving,2,201.5,51660.0,3137715.0,5,40.3,10332.0,3,48.09,22.69,0.2,0.0,0.0,4.76
1372,slow moving,2,503.7,105840.0,20806632.0,3,167.9,35280.0,3,116.59,51.04,0.72,0.0,0.0,16.67
1373,slow moving,2,4525.2,1036610.0,1199369270.0,5,905.04,207322.0,3,511.48,341.36,0.63,14.29,0.0,0.0
1400,fast moving,1,218633.42,37471632.4,18703983831.4,744,293.86,50365.1,43,5178.24,1753.43,0.98,4.65,25.58,11.63
1401,slow moving,2,1429.9,211232.0,73070277.1,7,204.27,30176.0,5,212.14,84.55,0.45,6.67,0.0,0.0
1402,slow moving,2,2047.0,433357.9,87477517.75,27,75.81,16050.29,12,71.37,48.22,0.75,5.26,0.0,18.42
1403,slow moving,2,28.48,8200.0,105184.0,2,14.24,4100.0,2,10.16,3.07,0.4,0.0,0.0,0.0
1405,medium moving,0,1966.86,1035261.5,87139279.56,59,33.34,17546.81,21,40.14,30.06,1.44,32.35,0.0,23.53
1408,slow moving,2,434.2,378801.54,52861083.76,10,43.42,37880.15,6,83.61,16.82,0.35,0.0,13.33,0.0
1410,slow moving,2,5.0,2200.0,11000.0,1,5.0,2200.0,1,6.51,1.44,0.77,0.0,0.0,0.0
1416,slow moving,2,48.0,10500.0,252000.0,2,24.0,5250.0,2,39.97,6.08,0.4,0.0,100.0,0.0
1417,slow moving,2,90.0,22722.48,2045023.2,1,90.0,22722.48,1,80.42,29.47,1.12,0.0,0.0,0.0
2004,fast moving,1,350500.0,35707500.0,184232750000.0,97,3613.4,368118.56,34,9568.88,2154.02,0.85,2.33,2.33,2.33
2005,slow moving,2,950.0,88350.0,83932500.0,1,950.0,88350.0,1,769.46,294.1,1.23,0.0,0.0,0.0
2016,fast moving,1,599625.0,61236075.0,279260743125.0,188,3189.49,325723.8,40,20102.28,4255.24,0.71,9.52,45.24,4.76
2018,slow moving,2,3400.0,409500.0,1103700000.0,2,1700.0,204750.0,2,1429.96,561.74,0.26,0.0,0.0,0.0
2019,slow moving,2,1000.0,130000.0,130000000.0,1,1000.0,130000.0,1,1442.68,347.47,0.69,0.0,0.0,0.0
2028,slow moving,2,1000.0,116000.0,116000000.0,1,1000.0,116000.0,1,762.79,323.91,1.31,0.0,0.0,0.0
2035,slow moving,2,102600.0,10403100.0,65653310000.0,28,3664.29,371539.29,14,1670.74,1581.44,1.54,7.5,0.0,57.5
2036,slow moving,2,6000.0,572000.0,572000000.0,6,1000.0,95333.33,4,727.14,449.16,0.23,2.78,0.0,19.44
2037,slow moving,2,5000.0,502500.0,2512500000.0,1,5000.0,502500.0,1,8869.84,1291.46,0.56,0.0,100.0,0.0
2103,slow moving,2,70.0,14000.0,350000.0,3,23.33,4666.67,3,35.26,5.5,0.5,0.0,25.0,0.0
2104,slow moving,2,100.0,28400.0,719250.0,4,25.0,7100.0,3,23.25,9.48,0.24,0.0,5.56,0.0
2108,slow moving,2,25.0,6875.0,171875.0,1,25.0,6875.0,1,38.53,5.37,0.65,0.0,100.0,0.0
2123,slow moving,2,36.0,13680.0,492480.0,1,36.0,13680.0,1,53.51,7.98,0.67,0.0,0.0,0.0
2128,slow moving,2,73.5,12862.5,945393.75,1,73.5,12862.5,1,33.32,24.37,2.21,0.0,0.0,0.0
2131,slow moving,2,100.0,27550.0,1265500.0,3,33.33,9183.33,2,14.56,17.12,0.16,0.0,0.0,66.67
2136,slow moving,2,18.0,6300.0,113400.0,1,18.0,6300.0,1,27.54,4.65,0.65,0.0,100.0,0.0
2137,slow moving,2,415.0,91775.0,6425125.0,7,59.29,13110.71,3,141.02,36.18,0.98,0.0,0.0,0.0
2138,slow moving,2,44.0,12320.0,327040.0,2,22.0,6160.0,1,65.2,14.92,0.67,0.0,0.0,0.0
2139,slow moving,2,112.0,31760.0,881360.0,5,22.4,6352.0,3,22.33,10.82,0.14,0.0,0.0,11.11
2146,slow moving,2,80.0,17600.0,1408000.0,1,80.0,17600.0,1,82.81,26.06,0.97,0.0,0.0,0.0
2149,slow moving,2,150.0,45000.0,6750000.0,1,150.0,45000.0,1,149.12,34.79,1.01,0.0,0.0,0.0
2150,slow moving,2,365.0,100375.0,7803125.0,6,60.83,16729.17,4,31.67,29.58,0.4,0.0,0.0,62.07
3005,slow moving,2,1588.3,169215.61,145917848.36,2,794.15,84607.8,2,1099.33,269.33,0.11,0.0,38.46,0.0
3007,slow moving,2,25.0,3375.0,84375.0,1,25.0,3375.0,1,25.49,6.52,0.98,0.0,0.0,0.0
3011,slow moving,2,825.0,107250.0,25106250.0,4,206.25,26812.5,3,352.11,89.49,0.59,0.0,0.0,0.0
3012,slow moving,2,400.0,54000.0,11475000.0,2,200.0,27000.0,2,330.31,44.44,0.61,0.0,100.0,0.0
3019,slow moving,2,6175.0,802750.0,1039106250.0,6,1029.17,133791.67,4,1972.81,330.14,0.78,0.0,0.0,0.0
3031,slow moving,2,75.0,10125.0,253125.0,3,25.0,3375.0,2,35.5,11.14,0.26,0.0,0.0,12.5
3033,slow moving,2,1596.0,157587.6,245234808.0,2,798.0,78793.8,2,727.21,255.53,0.73,0.0,0.0,0.0
3036,medium moving,0,28625.0,3864375.0,2954728125.0,44,650.57,87826.7,15,682.79,555.1,2.79,26.67,0.0,6.67
3045,slow moving,2,8661.8,1172749.56,689081593.84,18,481.21,65152.75,10,535.45,302.92,0.46,0.0,0.0,28.57
3063,slow moving,2,14368.7,1934619.0,1777191187.8,21,684.22,92124.71,14,608.88,231.97,1.47,6.25,0.0,18.75
3065,slow moving,2,34.0,5100.0,173400.0,1,34.0,5100.0,1,37.75,8.39,0.9,0.0,0.0,0.0
3074,slow moving,2,16995.0,2135659.04,1570135312.16,28,606.96,76273.54,13,1921.99,314.84,0.68,0.0,23.08,0.0
3079,slow moving,2,250.0,31250.0,7812500.0,1,250.0,31250.0,1,311.85,53.36,0.8,0.0,0.0,0.0
3084,slow moving,2,250.0,31250.0,7812500.0,1,250.0,31250.0,1,357.2,58.16,0.7,0.0,0.0,0.0
3090,slow moving,2,76.0,10491.0,230001.0,4,19.0,2622.75,3,15.04,8.22,0.18,3.57,3.57,28.57
3107,slow moving,2,558.0,78200.0,42359600.0,2,279.0,39100.0,2,184.84,91.13,0.12,0.0,7.69,34.62
3108,slow moving,2,825.0,104775.0,86439375.0,1,825.0,104775.0,1,680.49,272.55,1.21,0.0,0.0,0.0
3122,slow moving,2,1.0,175.0,175.0,1,1.0,175.0,1,1.29,0.25,0.78,0.0,0.0,0.0
3123,slow moving,2,1.0,175.0,175.0,1,1.0,175.0,1,1.1,0.32,0.91,0.0,0.0,0.0
3125,slow moving,2,825.0,141280.0,4088100.0,31,26.61,4557.42,23,34.88,8.01,0.56,4.76,19.05,2.38
3127,slow moving,2,1.0,175.0,175.0,1,1.0,175.0,1,1.51,0.27,0.66,0.0,100.0,0.0
3136,slow moving,2,1.0,175.0,175.0,1,1.0,175.0,1,1.07,0.33,0.93,0.0,0.0,0.0
3140,slow moving,2,25.0,4375.0,109375.0,1,25.0,4375.0,1,23.9,5.34,1.05,0.0,0.0,0.0
3149,slow moving,2,1.0,160.0,160.0,1,1.0,160.0,1,0.49,0.22,2.04,0.0,0.0,0.0
3150,slow moving,2,87.74,18028.4,380757.62,5,17.55,3605.68,4,11.56,6.19,0.29,3.85,0.0,0.0
3151,slow moving,2,50.78,8124.8,200097.34,3,16.93,2708.27,3,11.61,5.27,0.4,0.0,0.0,0.0
3153,slow moving,2,25.0,4375.0,109375.0,1,25.0,4375.0,1,39.62,5.89,0.63,0.0,100.0,0.0
3155,slow moving,2,220.0,37650.0,924250.0,9,24.44,4183.33,9,17.69,5.27,0.89,14.29,0.0,0.0
3156,medium moving,0,300.0,52125.0,1521875.0,11,27.27,4738.64,8,6.11,12.22,2.13,39.13,0.0,47.83
3159,slow moving,2,25.68,4483.8,109448.98,2,12.84,2241.9,2,7.33,3.91,0.39,0.0,0.0,0.0
10359,slow moving,2,177.7,45660.0,3518766.0,5,35.54,9132.0,4,25.09,9.52,0.79,11.11,0.0,11.11
12823,slow moving,2,2212.36,672248.0,119233896.4,16,138.27,42015.5,9,427.76,71.31,0.3,0.0,64.71,0.0
